Photo Filename,Photo Caption
photos/EE68CB3C-0048-4B48-B359-36D973AA4AFC.jpg,""
photos/F0F6E7C4-4646-460C-87A0-063E417AE3F4.jpg,""
photos/C7991190-A763-479E-9426-555C20608EAE.jpg,""
photos/76FD33FF-A33B-455C-A8A4-164DD74D6D48.jpg,""
photos/3FA66A71-94F7-4D94-B0BE-2DE22A764FC7.jpg,""
photos/1CAA1636-D2B6-4A3D-9EA5-77FAC7C44974.jpg,""
photos/88b190e8-9b4e-4361-a0ad-6772adee1a6b.jpg,""
photos/06a0c110-3afd-4e59-9679-8e2102d544db.jpg,""
photos/bcebd119-565e-402f-8109-f318537d9757.jpg,""
photos/911572f6-fb9f-4ce9-8686-471ad4a986bb.jpg,""
photos/1704A8AE-050F-4575-83D3-B6B8CE011B71.jpg,""
photos/DCE86047-238F-466A-8807-33E96DC8B796.jpg,""
photos/3351BD50-79B1-4BBB-8A3D-8C6B0557A1DA.jpg,""
photos/3555030B-E0F5-481A-9E9F-10FE1920F6CE.jpg,""
photos/1A977E73-0A74-469B-845F-A18E54A169FA.jpg,""
photos/a95a81fc-c0b6-4c71-848d-c5f601f6936c.jpg,""
photos/92fe4b8a-862a-4934-82ec-5b2b74bd3ca3.jpg,""
photos/e5f9d9d6-522e-4258-80be-302675fddadf.jpg,""
photos/58717134-16ec-4ad7-9da6-8007f2bee96a.jpg,""
photos/bdfe3f28-d1ea-4599-a7cd-b15c94c347a8.jpg,""
photos/740fc27e-fe88-4fb4-a13a-d53e8e55c3fe.jpg,""
photos/49623fe5-349e-477d-b9ba-8371974216a8.jpg,""
photos/3c546676-2cee-40cc-8360-9ee0c3074964.jpg,""
photos/3a2c8352-9179-481d-ac96-472981cd8aee.jpg,""
photos/8fc9e308-f8cf-4de0-b1c7-0e1678a09647.jpg,""
photos/54f56196-3250-4cb5-be12-71052fef8f76.jpg,""
photos/e6fa0e0d-4195-4d16-92a1-abe10492354b.jpg,""
photos/a0240492-1afd-4ee5-b858-ec5514fb6ffd.jpg,""
photos/77295002-c134-4e75-9232-154caee79672.jpg,""
photos/3caa124c-2c5c-4594-9e8b-b723146d98ae.jpg,""
photos/16a1529c-0e87-440f-8afa-2a4174a4066f.jpg,""
photos/39ac8ab4-1153-40dc-9475-5ed3e7470e0e.jpg,""
photos/6ab4969a-63a2-415c-acfa-2edc92709cdd.jpg,""
