Route Name,Route Filename
Northeast Tolt Hill Road-Kelly Road Northeast-Northeast Cherry Valley Road,routes/1.gpx
Northeast Redmond Fall City Road-SR 520 Trail-I 90 Trail,routes/2.gpx
Sammamish Plateau,routes/3.gpx
House to Lake Sammamish,routes/4.gpx
Union HIll Loop,routes/5.gpx
To the Grange,routes/6.gpx
Union Hill to Issaquah,routes/7.gpx
Lake Sammamish Loop,routes/8.gpx
Northeast Redmond Fall City Road-East Lake Sammamish Trail-East Main Drive,routes/9.gpx
Lake Sammamish Loop - Reverse,routes/10.gpx
Marymoor to Woodinville,routes/11.gpx
Alki 5k,routes/12.gpx
